{
  "width": 391,
  "height": 338,
  "cx": [
    [ "PLACE", 52 ],
    [ "METTRE EN", 183 ],
    [ "ATTENTE", 319 ],
    [ "ATTRIBUER", 52 ],
    [ "RESERVATION", 183 ],
    [ "POSSEDER", 183 ],
    [ "UTILISATEUR", 319 ]
  ],
  "cy": [
    [ "PLACE", 43 ],
    [ "METTRE EN", 43 ],
    [ "ATTENTE", 43 ],
    [ "ATTRIBUER", 161 ],
    [ "RESERVATION", 161 ],
    [ "POSSEDER", 287 ],
    [ "UTILISATEUR", 287 ]
  ],
  "shift": [
    [ "METTRE EN,PLACE,0", 0 ],
    [ "METTRE EN,ATTENTE,0", 0 ],
    [ "ATTRIBUER,PLACE,0", 0 ],
    [ "ATTRIBUER,RESERVATION,0", 0 ],
    [ "POSSEDER,UTILISATEUR,0", 0 ],
    [ "POSSEDER,RESERVATION,0", 0 ]
  ],
  "ratio": []
}